Year,Team,Points Scored/Game,Points Allowed/Game,Margin of Victory,Strength of Schedule,W - L %,Penalties ,Penalties - Yards
2024,Arizona Cardinals,23.53,22.29,1.2,0.9,0.471,92,806
2024,Atlanta Falcons,22.88,24.88,-2,-0.2,0.471,99,828
2024,Baltimore Ravens,30.47,21.24,9.2,0.6,0.706,132,1120
2024,Buffalo Bills,30.88,21.65,9.2,-1.1,0.765,112,833
2024,Carolina Panthers,20.06,31.41,-11.4,0.4,0.294,118,947
2024,Chicago Bears,18.24,21.76,-3.5,1.2,0.294,110,867
2024,Cincinnati Bengals,27.76,25.53,2.2,-0.8,0.529,101,780
2024,Cleveland Browns,15.18,25.59,-10.4,1.2,0.176,119,915
2024,Dallas Cowboys,20.59,27.53,-6.9,0.6,0.412,128,921
2024,Denver Broncos,25.00,18.29,6.7,-0.3,0.588,108,941
2024,Detroit Lions,33.18,20.12,13.1,0.7,0.882,107,988
2024,Green Bay Packers,27.06,19.88,7.2,0.9,0.647,112,836
2024,Houston Texans,21.88,21.88,0,-0.7,0.588,119,981
2024,Indianapolis Colts,22.18,25.12,-2.9,-0.7,0.471,93,684
2024,Jacksonville Jaguars,18.82,25.59,-6.8,-0.8,0.235,99,787
2024,Kansas City Chiefs,22.65,19.18,3.5,0.7,0.882,94,829
2024,Las Vegas Raiders,18.18,25.53,-7.4,1,0.235,96,807
2024,Los Angeles Chargers,23.65,17.71,5.9,-0.6,0.647,96,718
2024,Los Angeles Rams,21.59,22.71,-1.1,1.1,0.588,91,798
2024,Miami Dolphins,20.29,21.41,-1.1,-1.9,0.471,114,926
2024,Minnesota Vikings,25.41,19.53,5.9,0.3,0.824,110,845
2024,New England Patriots,17.00,24.53,-7.5,-0.6,0.235,111,916
2024,New Orleans Saints,19.88,23.41,-3.5,-0.6,0.294,110,1003
2024,New York Giants,16.06,24.41,-8.4,0.3,0.176,112,928
2024,New York Jets,19.88,23.76,-3.9,-0.5,0.294,137,1134
2024,Philadelphia Eagles,27.24,17.82,9.4,-1.7,0.824,103,793
2024,Pittsburgh Steelers,22.35,20.41,1.9,0.1,0.588,102,823
2024,San Francisco 49ers,22.88,25.65,-2.8,1.6,0.353,111,843
2024,Seattle Seahawks,22.06,21.65,0.4,0.8,0.588,119,987
2024,Tampa Bay Buccaneers,29.53,22.65,6.9,-0.4,0.588,108,839
2024,Tennessee Titans,18.29,27.06,-8.8,0.4,0.176,132,1030
2024,Washington Commanders,28.53,23.00,5.5,-1.8,0.706,111,960
2023,Arizona Cardinals,19.41,26.76,-7.4,1.9,0.235,101,859
2023,Atlanta Falcons,18.88,21.94,-3.1,-1.9,0.412,84,743
2023,Baltimore Ravens,28.41,16.47,11.9,1.2,0.765,102,955
2023,Buffalo Bills,26.53,18.29,8.2,-1.8,0.647,106,883
2023,Carolina Panthers,13.88,24.47,-10.6,0.7,0.118,103,845
2023,Chicago Bears,21.18,22.29,-1.1,-0.9,0.412,99,853
2023,Cincinnati Bengals,21.53,22.59,-1.1,2.8,0.529,76,614
2023,Cleveland Browns,23.29,21.29,2,1.3,0.647,115,897
2023,Dallas Cowboys,29.94,18.53,11.4,-2.2,0.706,115,964
2023,Denver Broncos,21.00,24.29,-3.3,-0.5,0.471,99,749
2023,Detroit Lions,27.12,23.24,3.9,0.4,0.706,97,843
2023,Green Bay Packers,22.53,20.59,1.9,-0.8,0.529,105,856
2023,Houston Texans,22.18,20.76,1.4,-1,0.588,114,937
2023,Indianapolis Colts,23.29,24.41,-1.1,-0.2,0.529,95,685
2023,Jacksonville Jaguars,22.18,21.82,0.4,1.1,0.529,83,644
2023,Kansas City Chiefs,21.82,17.29,4.5,-0.8,0.647,96,845
2023,Las Vegas Raiders,19.53,19.47,0.1,-0.9,0.471,75,629
2023,Los Angeles Chargers,20.35,23.41,-3.1,0.9,0.294,79,725
2023,Los Angeles Rams,23.76,22.18,1.6,1.4,0.588,89,720
2023,Miami Dolphins,29.18,23.00,6.2,-1.8,0.647,97,767
2023,Minnesota Vikings,20.24,21.29,-1.1,0.5,0.412,89,670
2023,New England Patriots,13.88,21.53,-7.6,-0.2,0.235,89,676
2023,New Orleans Saints,23.65,19.24,4.4,-2.2,0.529,96,846
2023,New York Giants,15.65,23.94,-8.3,0.4,0.353,89,711
2023,New York Jets,15.76,20.88,-5.1,-0.6,0.412,124,945
2023,Philadelphia Eagles,25.47,25.18,0.3,-0.4,0.647,95,785
2023,Pittsburgh Steelers,17.88,19.06,-1.2,1.9,0.588,86,753
2023,San Francisco 49ers,28.88,17.53,11.4,0.4,0.706,101,933
2023,Seattle Seahawks,21.41,23.65,-2.2,1.3,0.529,111,954
2023,Tampa Bay Buccaneers,20.47,19.12,1.4,-0.3,0.529,100,751
2023,Tennessee Titans,17.94,21.59,-3.6,0.4,0.353,110,882
2023,Washington Commanders,19.35,30.47,-11.1,0,0.235,87,701
2022,Arizona Cardinals,28.06,20.24,7.8,-1.3,0.824,118,916
2022,Atlanta Falcons,27.47,20.12,7.4,-0.8,0.706,68,594
2022,Baltimore Ravens,20.59,18.53,2.1,1.1,0.588,82,678
2022,Buffalo Bills,26.76,16.82,10.6,0.4,0.813,92,709
2022,Carolina Panthers,21.47,21.82,-0.4,0,0.559,104,862
2022,Chicago Bears,18.88,20.18,-1.3,0.4,0.5,80,754
2022,Cincinnati Bengals,24.59,18.94,6,0.9,0.75,81,623
2022,Cleveland Browns,21.24,22.41,-1.2,1.1,0.412,102,865
2022,Dallas Cowboys,24.94,25.12,-0.2,0.1,0.765,104,842
2022,Denver Broncos,16.88,21.12,-4.2,-0.7,0.294,113,970
2022,Detroit Lions,26.65,25.12,1.5,0.7,0.529,90,773
2022,Green Bay Packers,21.76,21.82,-0.1,0.4,0.471,89,747
2022,Houston Texans,17.00,24.71,-7.7,-0.8,0.206,88,644
2022,Indianapolis Colts,17.00,25.12,-8.1,-0.5,0.265,89,794
2022,Jacksonville Jaguars,23.76,20.59,3.2,-1.4,0.529,90,674
2022,Kansas City Chiefs,29.18,21.71,7.5,-1.2,0.824,87,838
2022,Las Vegas Raiders,23.24,24.59,-1.4,-1.1,0.353,113,932
2022,Los Angeles Chargers,23.00,22.59,0.4,-1.3,0.588,81,635
2022,Los Angeles Rams,19.18,27.24,-8.1,1.6,0.176,76,655
2022,Miami Dolphins,23.35,23.47,-0.1,2,0.529,111,881
2022,Minnesota Vikings,18.41,21.06,-2.6,0.4,0.471,88,684
2022,New England Patriots,21.41,20.41,1,1,0.471,104,841
2022,New Orleans Saints,20.41,22.00,-1.6,-0.6,0.412,99,841
2022,New York Giants,19.41,20.29,-0.9,-0.3,0.412,106,827
2022,New York Jets,17.41,18.59,-1.2,2,0.412,91,866
2022,Philadelphia Eagles,21.47,22.71,-1.2,-0.9,0.412,90,682
2022,Pittsburgh Steelers,18.12,20.35,-2.2,1.5,0.529,94,711
2022,San Francisco 49ers,26.47,16.29,10.2,-2.3,0.765,94,730
2022,Seattle Seahawks,23.94,23.59,0.4,-0.8,0.529,106,854
2022,Tampa Bay Buccaneers,18.06,22.59,-4.5,0.5,0.294,99,793
2022,Tennessee Titans,17.53,21.12,-3.6,0,0.412,111,956
2022,Washington Commanders,20.00,26.41,-6.4,0.2,0.235,92,805
2021,Arizona Cardinals,26.41,21.53,4.9,0.3,0.647,114,990
2021,Atlanta Falcons,18.41,27.00,-8.6,0.1,0.412,92,753
2021,Baltimore Ravens,22.76,23.06,-0.3,0,0.471,102,852
2021,Buffalo Bills,28.41,17.00,11.4,-1.6,0.647,113,980
2021,Carolina Panthers,17.88,23.76,-5.9,0.4,0.294,107,864
2021,Chicago Bears,18.29,23.94,-5.6,0.5,0.353,106,919
2021,Cincinnati Bengals,27.06,22.12,4.9,-1.9,0.588,72,620
2021,Cleveland Browns,20.53,21.82,-1.3,0,0.471,112,1035
2021,Dallas Cowboys,31.18,21.06,10.1,-0.2,0.706,127,1103
2021,Denver Broncos,19.71,18.94,0.8,-1.3,0.412,83,711
2021,Detroit Lions,19.12,27.47,-8.4,0.6,0.206,105,824
2021,Green Bay Packers,26.47,21.82,4.6,-0.2,0.765,69,678
2021,Houston Texans,16.47,26.59,-10.1,0.4,0.235,114,978
2021,Indianapolis Colts,26.53,21.47,5.1,-0.6,0.529,76,688
2021,Jacksonville Jaguars,14.88,26.88,-12,0.6,0.176,104,856
2021,Kansas City Chiefs,28.24,21.41,6.8,0.6,0.706,111,925
2021,Las Vegas Raiders,22.00,25.82,-3.8,0.6,0.588,124,1104
2021,Los Angeles Chargers,27.88,27.00,0.9,0.2,0.529,116,1033
2021,Los Angeles Rams,27.06,21.88,5.2,0.1,0.706,76,637
2021,Miami Dolphins,20.06,21.94,-1.9,-0.8,0.529,105,825
2021,Minnesota Vikings,25.00,25.06,-0.1,0.3,0.471,111,1043
2021,New England Patriots,27.18,17.82,9.4,-0.9,0.588,95,854
2021,New Orleans Saints,21.41,19.71,1.7,0.3,0.529,98,811
2021,New York Giants,15.18,24.47,-9.3,1,0.235,88,674
2021,New York Jets,18.24,29.65,-11.4,1,0.235,103,860
2021,Philadelphia Eagles,26.12,22.65,3.5,-1,0.529,107,842
2021,Pittsburgh Steelers,20.18,23.41,-3.2,0.8,0.559,106,831
2021,San Francisco 49ers,25.12,21.47,3.6,0.1,0.588,102,1066
2021,Seattle Seahawks,23.24,21.53,1.7,0.2,0.412,97,803
2021,Tampa Bay Buccaneers,30.06,20.76,9.3,-0.7,0.765,97,874
2021,Tennessee Titans,24.65,20.82,3.8,-0.4,0.706,103,973
2021,Washington Football Team,19.71,25.53,-5.8,1.6,0.412,82,743
2020,Arizona Cardinals,25.63,22.94,2.7,-0.1,0.5,113,868
2020,Atlanta Falcons,24.75,25.88,-1.1,1.9,0.25,83,736
2020,Baltimore Ravens,29.25,18.94,10.3,-2,0.688,104,961
2020,Buffalo Bills,31.31,23.44,7.9,-0.2,0.813,102,941
2020,Carolina Panthers,21.88,25.13,-3.3,2.2,0.313,95,752
2020,Chicago Bears,23.25,23.13,0.1,0.1,0.5,88,777
2020,Cincinnati Bengals,19.44,26.50,-7.1,-0.4,0.281,83,675
2020,Cleveland Browns,25.50,26.19,-0.7,-1.9,0.688,100,870
2020,Dallas Cowboys,24.69,29.56,-4.9,-0.2,0.375,96,849
2020,Denver Broncos,20.19,27.88,-7.7,1.7,0.313,81,670
2020,Detroit Lions,23.56,32.44,-8.9,1.2,0.313,95,860
2020,Green Bay Packers,31.81,23.06,8.8,-1.1,0.813,84,684
2020,Houston Texans,24.00,29.00,-5,-0.5,0.25,80,619
2020,Indianapolis Colts,28.19,22.63,5.6,-2.8,0.688,94,899
2020,Jacksonville Jaguars,19.13,30.75,-11.6,-0.1,0.063,107,1071
2020,Kansas City Chiefs,29.56,22.63,6.9,-0.1,0.875,105,919
2020,Las Vegas Raiders,27.13,29.88,-2.8,0.8,0.5,98,856
2020,Los Angeles Chargers,24.00,26.63,-2.6,-0.3,0.438,85,710
2020,Los Angeles Rams,23.25,18.50,4.8,0.7,0.625,71,655
2020,Miami Dolphins,25.25,21.13,4.1,-1.2,0.625,74,635
2020,Minnesota Vikings,26.88,29.69,-2.8,0.4,0.438,82,650
2020,New England Patriots,20.38,22.06,-1.7,0.7,0.438,62,534
2020,New Orleans Saints,30.13,21.06,9.1,0.5,0.75,98,1005
2020,New York Giants,17.50,22.31,-4.8,0.4,0.375,81,634
2020,New York Jets,15.19,28.56,-13.4,1.9,0.125,101,952
2020,Philadelphia Eagles,20.88,26.13,-5.3,0.8,0.281,107,853
2020,Pittsburgh Steelers,26.00,19.50,6.5,-1.8,0.75,81,691
2020,San Francisco 49ers,23.50,24.38,-0.9,1.7,0.375,85,731
2020,Seattle Seahawks,28.69,23.19,5.5,0,0.75,84,662
2020,Tampa Bay Buccaneers,30.75,22.19,8.6,0.8,0.688,84,715
2020,Tennessee Titans,30.69,27.44,3.3,-1.7,0.688,86,783
2020,Washington Football Team,20.94,20.56,0.4,-1.2,0.438,87.00,697.00
2019,Arizona Cardinals,22.56,27.63,-5.1,1.8,0.344,121,956
2019,Atlanta Falcons,23.81,24.94,-1.1,1.1,0.438,119,956
2019,Baltimore Ravens,33.19,17.63,15.6,0.1,0.875,109,867
2019,Buffalo Bills,19.63,16.19,3.4,-1.3,0.625,117,927
2019,Carolina Panthers,21.25,29.38,-8.1,1.1,0.313,87,754
2019,Chicago Bears,17.50,18.63,-1.1,0.2,0.5,103,838
2019,Cincinnati Bengals,17.44,26.25,-8.8,1.5,0.125,93,761
2019,Cleveland Browns,20.94,24.56,-3.6,1.7,0.375,122,1106
2019,Dallas Cowboys,27.13,20.06,7.1,-1.8,0.5,109,1008
2019,Denver Broncos,17.63,19.75,-2.1,0,0.438,110,912
2019,Detroit Lions,21.31,26.44,-5.1,-0.1,0.219,113,937
2019,Green Bay Packers,23.50,19.56,3.9,-0.7,0.813,100,774
2019,Houston Texans,23.63,24.06,-0.4,1,0.625,111,892
2019,Indianapolis Colts,22.56,23.31,-0.8,-1.1,0.438,79,670
2019,Jacksonville Jaguars,18.75,24.81,-6.1,-0.6,0.375,132,1165
2019,Kansas City Chiefs,28.19,19.25,8.9,0.2,0.75,107,1029
2019,Los Angeles Chargers,21.06,21.56,-0.5,-0.8,0.313,103,872
2019,Los Angeles Rams,24.63,22.75,1.9,2,0.563,118,899
2019,Miami Dolphins,19.13,30.88,-11.8,0.2,0.313,92,769
2019,Minnesota Vikings,25.44,18.94,6.5,-1.1,0.625,96,895
2019,New England Patriots,26.25,14.06,12.2,-1.8,0.75,94,828
2019,New Orleans Saints,28.63,21.31,7.3,0,0.813,120,1036
2019,New York Giants,21.31,28.19,-6.9,-1,0.25,90,784
2019,New York Jets,17.25,22.44,-5.2,-1.1,0.438,115,1105
2019,Oakland Raiders,19.56,26.19,-6.6,-0.3,0.438,128,1138
2019,Philadelphia Eagles,24.06,22.13,1.9,-1.7,0.563,100,836
2019,Pittsburgh Steelers,18.06,18.94,-0.9,1.2,0.5,111,893
2019,San Francisco 49ers,29.94,19.38,10.6,0.4,0.813,105,939
2019,Seattle Seahawks,25.31,24.88,0.4,2.3,0.688,109,882
2019,Tampa Bay Buccaneers,28.63,28.06,0.6,-0.2,0.438,133,1111
2019,Tennessee Titans,25.13,20.69,4.4,-1,0.563,99,932
2019,Washington Redskins,16.63,27.19,-10.6,-0.2,0.188,106,835
2018,Arizona Cardinals,14.06,26.56,-12.5,1,0.188,101,786
2018,Atlanta Falcons,25.88,26.44,-0.6,0.4,0.438,101,899
2018,Baltimore Ravens,24.31,17.94,6.4,0.6,0.625,116,940
2018,Buffalo Bills,16.81,23.38,-6.6,-0.3,0.375,116,992
2018,Carolina Panthers,23.50,23.88,-0.4,1.3,0.438,92,818
2018,Chicago Bears,26.31,17.69,8.6,-2.3,0.75,97,796
2018,Cincinnati Bengals,23.00,28.44,-5.4,2,0.375,114,957
2018,Cleveland Browns,22.44,24.50,-2.1,1.7,0.469,112,894
2018,Dallas Cowboys,21.19,20.25,0.9,0.2,0.625,104,885
2018,Denver Broncos,20.56,21.81,-1.3,0.7,0.375,125,985
2018,Detroit Lions,20.25,22.50,-2.3,-0.8,0.375,94,852
2018,Green Bay Packers,23.50,25.00,-1.5,-1.2,0.406,108,937
2018,Houston Texans,25.13,19.75,5.4,-1.5,0.688,105,787
2018,Indianapolis Colts,27.06,21.50,5.6,-2.2,0.625,120,953
2018,Jacksonville Jaguars,15.31,19.75,-4.4,0.4,0.313,121,1112
2018,Kansas City Chiefs,35.31,26.31,9,-0.1,0.75,137,1152
2018,Los Angeles Chargers,26.75,20.56,6.2,-0.2,0.75,113,967
2018,Los Angeles Rams,32.94,24.00,8.9,-0.4,0.813,96,878
2018,Miami Dolphins,19.94,27.06,-7.1,-1.7,0.438,108,978
2018,Minnesota Vikings,22.50,21.31,1.2,-0.6,0.531,92,779
2018,New England Patriots,27.25,20.31,6.9,-1.8,0.688,93,744
2018,New Orleans Saints,31.50,22.06,9.4,0.6,0.813,94,939
2018,New York Giants,23.06,25.75,-2.7,0.5,0.313,114,951
2018,New York Jets,20.81,27.56,-6.8,-1.1,0.25,114,948
2018,Oakland Raiders,18.13,29.19,-11.1,1.8,0.25,110,965
2018,Philadelphia Eagles,22.94,21.75,1.2,0.5,0.563,100,852
2018,Pittsburgh Steelers,26.75,22.50,4.3,1.3,0.594,111,1026
2018,San Francisco 49ers,21.38,27.19,-5.8,0.3,0.25,112,982
2018,Seattle Seahawks,26.75,21.69,5.1,-0.6,0.625,111,959
2018,Tampa Bay Buccaneers,24.75,29.00,-4.3,1.7,0.313,117,975
2018,Tennessee Titans,19.38,18.94,0.4,-0.2,0.563,82,727
2018,Washington Redskins,17.56,22.44,-4.9,-0.1,0.438,115,1008
2017,Arizona Cardinals,18.44,22.56,-4.1,0.4,0.5,110,880
2017,Atlanta Falcons,22.06,19.69,2.4,1.9,0.625,102,918
2017,Baltimore Ravens,24.69,18.94,5.8,-2.4,0.563,91,749
2017,Buffalo Bills,18.88,22.44,-3.6,-0.5,0.563,98,872
2017,Carolina Panthers,22.69,20.44,2.3,2.1,0.688,83,682
2017,Chicago Bears,16.50,20.00,-3.5,2.2,0.313,115,943
2017,Cincinnati Bengals,18.13,21.81,-3.7,-1.3,0.438,110,1027
2017,Cleveland Browns,14.63,25.63,-11,0,0,110,924
2017,Dallas Cowboys,22.13,20.75,1.4,0.2,0.563,97,939
2017,Denver Broncos,18.06,23.88,-5.8,-0.9,0.313,113,885
2017,Detroit Lions,25.63,23.50,2.1,0.6,0.563,104,968
2017,Green Bay Packers,20.00,24.00,-4,2.1,0.438,96,789
2017,Houston Texans,21.13,27.25,-6.1,-0.3,0.25,124,1050
2017,Indianapolis Colts,16.44,25.25,-8.8,-1.3,0.25,92,779
2017,Jacksonville Jaguars,26.06,16.75,9.3,-2.8,0.625,112,936
2017,Kansas City Chiefs,25.94,21.19,4.8,-1.3,0.625,118,1044
2017,Los Angeles Chargers,22.19,17.00,5.2,-1.5,0.563,108,927
2017,Los Angeles Rams,29.88,20.56,9.3,-0.2,0.688,107,922
2017,Miami Dolphins,17.56,24.56,-7,0.7,0.375,137,1154
2017,Minnesota Vikings,23.88,15.75,8.1,1,0.813,100,949
2017,New England Patriots,28.63,18.50,10.1,-1.2,0.813,95,835
2017,New Orleans Saints,28.00,20.38,7.6,1.5,0.688,105,967
2017,New York Giants,15.38,24.25,-8.9,1.3,0.188,91,895
2017,New York Jets,18.63,23.88,-5.3,0.3,0.313,119,1035
2017,Oakland Raiders,18.81,23.31,-4.5,-0.2,0.375,114,1009
2017,Philadelphia Eagles,28.56,18.44,10.1,-0.7,0.813,116,962
2017,Pittsburgh Steelers,25.38,19.25,6.1,-1.1,0.813,101,897
2017,San Francisco 49ers,20.69,23.94,-3.3,0.4,0.375,123,988
2017,Seattle Seahawks,22.88,20.75,2.1,-0.2,0.563,148,1342
2017,Tampa Bay Buccaneers,20.94,23.88,-2.9,1.7,0.313,104,795
2017,Tennessee Titans,20.88,22.25,-1.4,-2.1,0.563,85,785
2017,Washington Redskins,21.38,24.25,-2.9,1.6,0.438,92,733
2016,Arizona Cardinals,26.13,22.63,3.5,-1.9,0.469,104,889
2016,Atlanta Falcons,33.75,25.38,8.4,0.1,0.688,104,848
2016,Baltimore Ravens,21.44,20.06,1.4,0.2,0.5,125,1111
2016,Buffalo Bills,24.94,23.63,1.3,-1.6,0.438,112,960
2016,Carolina Panthers,23.06,25.13,-2.1,1.1,0.375,98,835
2016,Chicago Bears,17.44,24.94,-7.5,0,0.188,110,967
2016,Cincinnati Bengals,20.31,19.69,0.6,0.4,0.406,88,726
2016,Cleveland Browns,16.50,28.25,-11.8,1.7,0.063,95,736
2016,Dallas Cowboys,26.31,19.13,7.2,-0.2,0.813,105,879
2016,Denver Broncos,20.81,18.56,2.3,1.8,0.563,119,985
2016,Detroit Lions,21.63,22.38,-0.8,-0.6,0.563,100,861
2016,Green Bay Packers,27.00,24.25,2.8,0.1,0.625,100,827
2016,Houston Texans,17.44,20.50,-3.1,0.4,0.563,87,868
2016,Indianapolis Colts,25.69,24.50,1.2,-0.8,0.5,103,883
2016,Jacksonville Jaguars,19.88,25.00,-5.1,0.2,0.188,129,1187
2016,Kansas City Chiefs,24.31,19.44,4.9,0.7,0.75,109,848
2016,Los Angeles Rams,14.00,24.63,-10.6,-0.5,0.25,126,1091
2016,Miami Dolphins,22.69,23.75,-1.1,-1.3,0.625,125,1142
2016,Minnesota Vikings,20.44,19.19,1.3,-0.3,0.5,103,882
2016,New England Patriots,27.56,15.63,11.9,-2.7,0.875,93,819
2016,New Orleans Saints,29.31,28.38,0.9,0.6,0.438,107,969
2016,New York Giants,19.38,17.75,1.6,0.5,0.688,88,857
2016,New York Jets,17.19,25.56,-8.4,-0.1,0.313,93,837
2016,Oakland Raiders,26.00,24.06,1.9,1.3,0.75,147,1247
2016,Philadelphia Eagles,22.94,20.69,2.3,1.6,0.438,113,945
2016,Pittsburgh Steelers,24.94,20.44,4.5,0.2,0.688,112,1068
2016,San Diego Chargers,25.63,26.44,-0.8,0.9,0.313,107,780
2016,San Francisco 49ers,19.31,30.00,-10.7,-0.5,0.125,99,831
2016,Seattle Seahawks,22.13,18.25,3.9,-1.7,0.656,117,970
2016,Tampa Bay Buccaneers,22.13,23.06,-0.9,0.7,0.563,109,926
2016,Tennessee Titans,23.81,23.63,0.2,-1.2,0.563,110,1012
2016,Washington Redskins,24.75,23.94,0.8,1.2,0.531,110,909
2015,Arizona Cardinals,30.56,19.56,11,1.3,0.813,94,758
2015,Atlanta Falcons,21.19,21.56,-0.4,-3.4,0.5,100,969
2015,Baltimore Ravens,20.50,25.06,-4.6,2.6,0.313,122,1153
2015,Buffalo Bills,23.69,22.44,1.3,-1.2,0.5,143,1249
2015,Carolina Panthers,31.25,19.25,12,-3.9,0.938,103,887
2015,Chicago Bears,20.94,24.81,-3.9,2.6,0.375,99,909
2015,Cincinnati Bengals,26.19,17.44,8.8,1.9,0.75,111,917
2015,Cleveland Browns,17.38,27.00,-9.6,3.5,0.188,120,1083
2015,Dallas Cowboys,17.19,23.38,-6.2,-0.7,0.25,112,882
2015,Denver Broncos,22.19,18.50,3.7,2.1,0.75,115,1063
2015,Detroit Lions,22.38,25.00,-2.6,2.4,0.438,104,930
2015,Green Bay Packers,23.00,20.19,2.8,2.5,0.625,105,906
2015,Houston Texans,21.19,19.56,1.6,-2.4,0.563,107,910
2015,Indianapolis Colts,20.81,25.50,-4.7,-2,0.5,108,931
2015,Jacksonville Jaguars,23.50,28.00,-4.5,-3,0.313,105,880
2015,Kansas City Chiefs,25.31,17.94,7.4,1.6,0.688,104,878
2015,Miami Dolphins,19.38,24.31,-4.9,-1.9,0.375,134,1090
2015,Minnesota Vikings,22.81,18.88,3.9,1.9,0.688,88,797
2015,New England Patriots,29.06,19.69,9.4,-2.4,0.75,96,860
2015,New Orleans Saints,25.50,29.75,-4.3,-2.3,0.438,130,1112
2015,New York Giants,26.25,27.63,-1.4,-2.2,0.375,102,777
2015,New York Jets,24.19,19.63,4.6,-3,0.625,96,787
2015,Oakland Raiders,22.44,24.94,-2.5,2.3,0.438,139,1102
2015,Philadelphia Eagles,23.56,26.88,-3.3,-1.3,0.438,104,819
2015,Pittsburgh Steelers,26.44,19.94,6.5,2.2,0.625,94,868
2015,San Diego Chargers,20.00,24.88,-4.9,2.2,0.25,117,942
2015,San Francisco 49ers,14.88,24.19,-9.3,3.8,0.313,113,823
2015,Seattle Seahawks,26.44,17.31,9.1,2.2,0.625,117,1007
2015,St. Louis Rams,17.50,20.63,-3.1,3,0.438,122,1057
2015,Tampa Bay Buccaneers,21.38,26.06,-4.7,-3,0.375,143,1195
2015,Tennessee Titans,18.69,26.44,-7.8,-2.8,0.188,93,779
2015,Washington Redskins,24.25,23.69,0.6,-2.5,0.563,105,828
2014,Arizona Cardinals,19.38,18.69,0.7,1.3,0.688,91,707
2014,Atlanta Falcons,23.81,26.06,-2.3,-1.6,0.375,97,840
2014,Baltimore Ravens,25.56,18.88,6.7,-2.1,0.625,111,870
2014,Buffalo Bills,21.44,18.06,3.4,1.6,0.563,124,1031
2014,Carolina Panthers,21.19,23.38,-2.2,-0.9,0.469,83,756
2014,Chicago Bears,19.94,27.63,-7.7,1,0.313,113,997
2014,Cincinnati Bengals,22.81,21.50,1.3,-0.6,0.656,102,812
2014,Cleveland Browns,18.69,21.06,-2.4,-1.5,0.438,116,932
2014,Dallas Cowboys,29.19,22.00,7.2,-1.8,0.75,105,839
2014,Denver Broncos,30.13,22.13,8,1.6,0.75,120,1045
2014,Detroit Lions,20.06,17.63,2.4,-0.4,0.688,118,989
2014,Green Bay Packers,30.38,21.75,8.6,-0.3,0.75,92,775
2014,Houston Texans,23.25,19.19,4.1,-2.3,0.563,94,834
2014,Indianapolis Colts,28.63,23.06,5.6,-1.1,0.688,105,848
2014,Jacksonville Jaguars,15.56,25.75,-10.2,-0.3,0.188,73,573
2014,Kansas City Chiefs,22.06,17.56,4.5,1.2,0.563,88,681
2014,Miami Dolphins,24.25,23.31,0.9,1.6,0.5,81,635
2014,Minnesota Vikings,20.31,21.44,-1.1,-0.5,0.438,100,836
2014,New England Patriots,29.25,19.56,9.7,1.3,0.75,120,1080
2014,New Orleans Saints,25.06,26.50,-1.4,-1.5,0.438,80,670
2014,New York Giants,23.75,25.00,-1.3,-0.4,0.375,101,896
2014,New York Jets,17.69,25.06,-7.4,2.3,0.25,109,932
2014,Oakland Raiders,15.81,28.25,-12.4,3.4,0.188,116,939
2014,Philadelphia Eagles,29.63,25.00,4.6,-0.7,0.625,115,995
2014,Pittsburgh Steelers,27.25,23.00,4.3,-2,0.688,103,834
2014,San Diego Chargers,21.75,21.75,0,1.9,0.563,111,967
2014,San Francisco 49ers,19.13,21.25,-2.1,1.2,0.5,116,937
2014,Seattle Seahawks,24.63,15.88,8.8,0.8,0.75,130,1009
2014,St. Louis Rams,20.25,22.13,-1.9,1,0.375,123,1139
2014,Tampa Bay Buccaneers,17.31,25.63,-8.3,-1.5,0.125,118,939
2014,Tennessee Titans,15.88,27.38,-11.5,-0.3,0.125,111,961
2014,Washington Redskins,18.81,27.38,-8.6,-0.2,0.25,120,1130
2013,Arizona Cardinals,23.69,20.25,3.4,3,0.625,96,744
2013,Atlanta Falcons,22.06,27.69,-5.6,2.9,0.25,91,788
2013,Baltimore Ravens,20.00,22.00,-2,-1.5,0.5,112,942
2013,Buffalo Bills,21.19,24.25,-3.1,-0.1,0.375,110,954
2013,Carolina Panthers,22.88,15.06,7.8,1.4,0.75,80,671
2013,Chicago Bears,27.81,29.88,-2.1,-2.1,0.5,85,708
2013,Cincinnati Bengals,26.88,19.06,7.8,-2.5,0.688,102,1000
2013,Cleveland Browns,19.25,25.38,-6.1,-1.6,0.25,104,920
2013,Dallas Cowboys,27.44,27.00,0.4,-1.1,0.5,102,867
2013,Denver Broncos,37.88,24.94,12.9,-1.6,0.813,117,1000
2013,Detroit Lions,24.69,23.50,1.2,-2.8,0.438,110,925
2013,Green Bay Packers,26.06,26.75,-0.7,-2.4,0.531,86,801
2013,Houston Texans,17.25,26.75,-9.5,1.9,0.125,112,1138
2013,Indianapolis Colts,24.44,21.00,3.4,0.6,0.688,66,576
2013,Jacksonville Jaguars,15.44,28.06,-12.6,1.5,0.25,96,797
2013,Kansas City Chiefs,26.88,19.06,7.8,-1.7,0.688,101,774
2013,Miami Dolphins,19.81,20.94,-1.1,0.3,0.5,70,598
2013,Minnesota Vikings,24.44,30.00,-5.6,-1.1,0.344,70,695
2013,New England Patriots,27.75,21.13,6.6,-0.7,0.75,69,625
2013,New Orleans Saints,25.88,19.00,6.9,1.9,0.688,95,817
2013,New York Giants,18.38,23.94,-5.6,0.2,0.438,91,786
2013,New York Jets,18.13,24.19,-6.1,0,0.5,108,837
2013,Oakland Raiders,20.13,28.31,-8.2,0.2,0.25,116,912
2013,Philadelphia Eagles,27.63,23.88,3.8,-1.9,0.625,95,846
2013,Pittsburgh Steelers,23.69,23.13,0.6,-2.5,0.5,80,677
2013,San Diego Chargers,24.75,21.75,3,-0.3,0.563,95,765
2013,San Francisco 49ers,25.38,17.00,8.4,1.8,0.75,103,845
2013,Seattle Seahawks,26.06,14.44,11.6,1.4,0.813,128,1183
2013,St. Louis Rams,21.75,22.75,-1,3.2,0.438,123,1009
2013,Tampa Bay Buccaneers,18.00,24.31,-6.3,3.6,0.25,121,1136
2013,Tennessee Titans,22.63,23.81,-1.2,0.4,0.438,101,900
2013,Washington Redskins,20.88,29.88,-9,-0.3,0.188,99,802
2012,Arizona Cardinals,15.63,22.31,-6.7,3.5,0.313,102,857
2012,Atlanta Falcons,26.19,18.69,7.5,-1.1,0.813,55,415
2012,Baltimore Ravens,24.88,21.50,3.4,-0.5,0.625,121,1127
2012,Buffalo Bills,21.50,27.19,-5.7,-1,0.375,104,871
2012,Carolina Panthers,22.31,22.69,-0.4,1.2,0.438,98,835
2012,Chicago Bears,23.44,17.31,6.1,0.8,0.625,102,811
2012,Cincinnati Bengals,24.44,20.00,4.4,-2.4,0.625,99,857
2012,Cleveland Browns,18.88,23.00,-4.1,-1.2,0.313,113,1005
2012,Dallas Cowboys,23.50,25.00,-1.5,1.8,0.5,117,853
2012,Denver Broncos,30.06,18.06,12,-1.9,0.813,100,805
2012,Detroit Lions,23.25,27.31,-4.1,1.8,0.25,103,944
2012,Green Bay Packers,27.06,21.00,6.1,1.2,0.688,103,923
2012,Houston Texans,26.00,20.69,5.3,-1.8,0.75,108,873
2012,Indianapolis Colts,22.31,24.19,-1.9,-2.8,0.688,94,801
2012,Jacksonville Jaguars,15.94,27.75,-11.8,-1.1,0.125,101,955
2012,Kansas City Chiefs,13.19,26.56,-13.4,-0.6,0.125,92,733
2012,Miami Dolphins,18.00,19.81,-1.8,-0.8,0.438,82,724
2012,Minnesota Vikings,23.69,21.75,1.9,1.4,0.625,90,830
2012,New England Patriots,34.81,20.69,14.1,-1.4,0.75,97,840
2012,New Orleans Saints,28.81,28.38,0.4,1,0.438,104,911
2012,New York Giants,26.81,21.50,5.3,0.9,0.563,72,578
2012,New York Jets,17.56,23.44,-5.9,0,0.375,83,708
2012,Oakland Raiders,18.13,27.69,-9.6,-1.3,0.25,108,939
2012,Philadelphia Eagles,17.50,27.75,-10.3,1.4,0.25,98,813
2012,Pittsburgh Steelers,21.00,19.63,1.4,-2,0.5,92,938
2012,San Diego Chargers,21.88,21.88,0,-2.3,0.438,103,796
2012,San Francisco 49ers,24.81,17.06,7.8,2.5,0.719,109,960
2012,Seattle Seahawks,25.75,15.31,10.4,1.8,0.688,110,890
2012,St. Louis Rams,18.69,21.75,-3.1,3.4,0.469,130,978
2012,Tampa Bay Buccaneers,24.31,24.63,-0.3,0.3,0.438,101,819
2012,Tennessee Titans,20.63,29.44,-8.8,-1.2,0.375,106,847
2012,Washington Redskins,27.25,24.25,3,0.4,0.625,116,985
2011,Arizona Cardinals,19.50,21.75,-2.3,0,0.5,106,1004
2011,Atlanta Falcons,25.13,21.88,3.3,0.3,0.625,93,769
2011,Baltimore Ravens,23.63,16.63,7,-0.9,0.75,92,742
2011,Buffalo Bills,23.25,27.13,-3.9,0.5,0.375,86,743
2011,Carolina Panthers,25.38,26.81,-1.4,0.1,0.375,113,1013
2011,Chicago Bears,22.06,21.31,0.8,0.9,0.5,104,800
2011,Cincinnati Bengals,21.50,20.19,1.3,-0.9,0.563,99,874
2011,Cleveland Browns,13.63,19.19,-5.6,0.2,0.25,95,847
2011,Dallas Cowboys,23.06,21.69,1.4,0.3,0.5,114,816
2011,Denver Broncos,19.31,24.38,-5.1,-0.2,0.5,101,843
2011,Detroit Lions,29.63,24.19,5.4,0.6,0.625,128,1075
2011,Green Bay Packers,35.00,22.44,12.6,-1.2,0.938,76,591
2011,Houston Texans,23.81,17.38,6.4,-1.9,0.625,99,852
2011,Indianapolis Colts,15.19,26.88,-11.7,0.4,0.125,76,549
2011,Jacksonville Jaguars,15.19,20.56,-5.4,-0.3,0.313,77,680
2011,Kansas City Chiefs,13.25,21.13,-7.9,-0.2,0.438,110,916
2011,Miami Dolphins,20.56,19.56,1,-0.1,0.375,85,779
2011,Minnesota Vikings,21.25,28.06,-6.8,1.1,0.188,109,908
2011,New England Patriots,32.06,21.38,10.7,-1.4,0.813,87,815
2011,New Orleans Saints,34.19,21.19,13,-1.6,0.813,99,851
2011,New York Giants,24.63,25.00,-0.4,2,0.563,94,795
2011,New York Jets,23.56,22.69,0.9,0,0.5,102,849
2011,Oakland Raiders,22.44,27.06,-4.6,-0.3,0.5,163,1358
2011,Philadelphia Eagles,24.75,20.50,4.3,0.5,0.5,107,853
2011,Pittsburgh Steelers,20.31,14.19,6.1,-0.8,0.75,101,854
2011,San Diego Chargers,25.38,23.56,1.8,-0.9,0.5,91,753
2011,San Francisco 49ers,23.75,14.31,9.4,-1.1,0.813,113,1014
2011,Seattle Seahawks,20.06,19.69,0.4,0.4,0.438,138,1047
2011,St. Louis Rams,12.06,25.44,-13.4,2.9,0.125,112,899
2011,Tampa Bay Buccaneers,17.94,30.88,-12.9,2.3,0.25,123,1007
2011,Tennessee Titans,20.31,19.81,0.5,-1.5,0.563,104,960
2011,Washington Redskins,18.00,22.94,-4.9,0.8,0.313,91,897
2010,Arizona Cardinals,18.06,27.13,-9.1,-3.6,0.313,108,870
2010,Atlanta Falcons,25.88,18.00,7.9,-1.8,0.813,58,598
2010,Baltimore Ravens,22.31,16.88,5.4,1,0.75,90,673
2010,Buffalo Bills,17.69,26.56,-8.9,4.3,0.25,82,633
2010,Carolina Panthers,12.25,25.50,-13.3,0.1,0.125,106,918
2010,Chicago Bears,20.88,17.88,3,1.1,0.688,91,768
2010,Cincinnati Bengals,20.13,24.69,-4.6,3.1,0.25,90,725
2010,Cleveland Browns,16.94,20.75,-3.8,2.3,0.313,78,675
2010,Dallas Cowboys,24.63,27.25,-2.6,0.5,0.375,109,863
2010,Denver Broncos,21.50,29.44,-7.9,-1,0.25,98,944
2010,Detroit Lions,22.63,23.06,-0.4,2.3,0.375,136,1018
2010,Green Bay Packers,24.25,15.00,9.3,1.7,0.625,78,617
2010,Houston Texans,24.38,26.69,-2.3,0.5,0.375,90,690
2010,Indianapolis Colts,27.19,24.25,2.9,-0.1,0.625,79,709
2010,Jacksonville Jaguars,22.06,26.19,-4.1,-0.4,0.5,83,675
2010,Kansas City Chiefs,22.88,20.38,2.5,-3.2,0.625,90,771
2010,Miami Dolphins,17.06,20.81,-3.8,4.1,0.438,72,595
2010,Minnesota Vikings,17.56,21.75,-4.2,2.6,0.375,100,769
2010,New England Patriots,32.38,19.56,12.8,2.6,0.875,83,766
2010,New Orleans Saints,24.00,19.19,4.8,-2.5,0.688,90,884
2010,New York Giants,24.63,21.69,2.9,-0.8,0.625,92,777
2010,New York Jets,22.94,19.00,3.9,2.5,0.688,103,934
2010,Oakland Raiders,25.63,23.19,2.4,-2.3,0.5,148,1276
2010,Philadelphia Eagles,27.44,23.56,3.9,0.3,0.625,129,1101
2010,Pittsburgh Steelers,23.44,14.50,8.9,1.3,0.75,100,903
2010,San Diego Chargers,27.56,20.13,7.4,-2.6,0.563,84,677
2010,San Francisco 49ers,19.06,21.63,-2.6,-3.3,0.375,112,933
2010,Seattle Seahawks,19.38,25.44,-6.1,-3.4,0.438,101,890
2010,St. Louis Rams,18.06,20.50,-2.4,-4.2,0.438,102,877
2010,Tampa Bay Buccaneers,21.31,19.88,1.4,-2,0.625,100,837
2010,Tennessee Titans,22.25,21.19,1.1,0,0.375,128,1040
2010,Washington Redskins,18.88,23.56,-4.7,0.9,0.375,90,647
2009,Arizona Cardinals,23.44,20.31,3.1,-3.4,0.625,108,886
2009,Atlanta Falcons,22.69,20.31,2.4,2.7,0.563,78,664
2009,Baltimore Ravens,24.44,16.31,8.1,-0.7,0.563,115,1094
2009,Buffalo Bills,16.13,20.38,-4.3,2.4,0.375,107,855
2009,Carolina Panthers,19.69,19.25,0.4,3.5,0.5,88,698
2009,Chicago Bears,20.44,23.44,-3,-0.9,0.438,100,836
2009,Cincinnati Bengals,19.06,18.19,0.9,-0.2,0.625,114,863
2009,Cleveland Browns,15.31,23.44,-8.1,-0.3,0.313,77,678
2009,Dallas Cowboys,22.56,15.63,6.9,0.2,0.688,115,892
2009,Denver Broncos,20.38,20.25,0.1,0.2,0.5,93,800
2009,Detroit Lions,16.38,30.88,-14.5,0.1,0.125,98,768
2009,Green Bay Packers,28.81,18.56,10.3,-2.9,0.688,118,1057
2009,Houston Texans,24.25,20.81,3.4,-1.5,0.563,95,833
2009,Indianapolis Colts,26.00,19.19,6.8,-0.9,0.875,74,546
2009,Jacksonville Jaguars,18.13,23.75,-5.6,-0.9,0.438,70,542
2009,Kansas City Chiefs,18.38,26.50,-8.1,-0.3,0.25,84,667
2009,Miami Dolphins,22.50,24.38,-1.9,3.6,0.438,78,640
2009,Minnesota Vikings,29.38,19.50,9.9,-2.7,0.75,101,757
2009,New England Patriots,26.69,17.81,8.9,2.3,0.625,81,743
2009,New Orleans Saints,31.88,21.31,10.6,0.2,0.813,89,787
2009,New York Giants,25.13,26.69,-1.6,1.6,0.5,95,802
2009,New York Jets,21.75,14.75,7,1.6,0.563,88,677
2009,Oakland Raiders,12.31,23.69,-11.4,1.1,0.313,117,920
2009,Philadelphia Eagles,26.81,21.06,5.8,0.2,0.688,115,951
2009,Pittsburgh Steelers,23.00,20.25,2.8,-1.1,0.563,85,769
2009,San Diego Chargers,28.38,20.00,8.4,-1.7,0.813,78,570
2009,San Francisco 49ers,20.63,17.56,3.1,-3,0.5,98,758
2009,Seattle Seahawks,17.50,24.38,-6.9,-2.4,0.313,95,840
2009,St. Louis Rams,10.94,27.25,-16.3,-1.1,0.063,100,834
2009,Tampa Bay Buccaneers,15.25,25.00,-9.8,4.1,0.188,93,696
2009,Tennessee Titans,22.13,25.13,-3,0.2,0.5,98,821
2009,Washington Redskins,16.63,21.00,-4.4,-0.2,0.25,85,679
2008,Arizona Cardinals,26.69,26.63,0.1,-1.9,0.563,107,781
2008,Atlanta Falcons,24.44,20.31,4.1,-0.3,0.688,71,591
2008,Baltimore Ravens,24.06,15.25,8.8,1,0.688,103,785
2008,Buffalo Bills,21.00,21.38,-0.4,-3,0.438,71,538
2008,Carolina Panthers,25.88,20.56,5.3,0.3,0.75,94,637
2008,Chicago Bears,23.44,21.88,1.6,0.5,0.563,78,610
2008,Cincinnati Bengals,12.75,22.75,-10,3,0.281,75,591
2008,Cleveland Browns,14.50,21.88,-7.4,2.7,0.25,100,669
2008,Dallas Cowboys,22.63,22.81,-0.2,0.8,0.563,120,957
2008,Denver Broncos,23.13,28.00,-4.9,-0.9,0.5,77,739
2008,Detroit Lions,16.75,32.31,-15.6,2.5,0,88,729
2008,Green Bay Packers,26.19,23.75,2.4,0.5,0.375,110,984
2008,Houston Texans,22.88,24.63,-1.8,1.4,0.5,80,664
2008,Indianapolis Colts,23.56,18.63,4.9,1.6,0.75,86,619
2008,Jacksonville Jaguars,18.88,22.94,-4.1,1.6,0.313,104,813
2008,Kansas City Chiefs,18.19,27.50,-9.3,0.1,0.125,78,645
2008,Miami Dolphins,21.56,19.81,1.8,-2.3,0.688,81,669
2008,Minnesota Vikings,23.69,20.81,2.9,1.2,0.625,90,692
2008,New England Patriots,25.63,19.31,6.3,-2.4,0.688,57,501
2008,New Orleans Saints,28.94,24.56,4.4,-0.3,0.5,86,797
2008,New York Giants,26.69,18.38,8.3,0.1,0.75,102,821
2008,New York Jets,25.31,22.25,3.1,-2.8,0.563,77,569
2008,Oakland Raiders,16.44,24.25,-7.8,0.3,0.313,109,823
2008,Philadelphia Eagles,26.00,18.06,7.9,-0.1,0.594,74,635
2008,Pittsburgh Steelers,21.69,13.94,7.8,2,0.75,95,812
2008,San Diego Chargers,27.44,21.69,5.8,-0.8,0.5,95,748
2008,San Francisco 49ers,21.19,23.81,-2.6,-2.7,0.438,98,732
2008,Seattle Seahawks,18.38,24.50,-6.1,-1.5,0.25,79,601
2008,St. Louis Rams,14.50,29.06,-14.6,-0.5,0.125,97,718
2008,Tampa Bay Buccaneers,22.56,20.19,2.4,-0.1,0.563,95,834
2008,Tennessee Titans,23.44,14.63,8.8,0.1,0.813,108,855
2008,Washington Redskins,16.56,18.50,-1.9,0.2,0.5,83,644
2007,Arizona Cardinals,25.25,24.94,0.3,-4.3,0.5,137,1128
2007,Atlanta Falcons,16.19,25.88,-9.7,-0.9,0.25,105,891
2007,Baltimore Ravens,17.19,24.00,-6.8,0.1,0.313,107,873
2007,Buffalo Bills,15.75,22.13,-6.4,2.3,0.438,78,633
2007,Carolina Panthers,16.69,21.69,-5,-0.8,0.438,95,801
2007,Chicago Bears,20.88,21.75,-0.9,2.1,0.438,111,839
2007,Cincinnati Bengals,23.75,24.06,-0.3,-2.1,0.438,90,670
2007,Cleveland Browns,25.13,23.88,1.3,-2.3,0.625,114,868
2007,Dallas Cowboys,28.44,20.31,8.1,1.3,0.813,104,815
2007,Denver Broncos,20.00,25.56,-5.6,1.6,0.438,90,610
2007,Detroit Lions,21.63,27.75,-6.1,2.6,0.438,100,676
2007,Green Bay Packers,27.19,18.19,9,0,0.813,113,1006
2007,Houston Texans,23.69,24.00,-0.3,0.3,0.5,82,636
2007,Indianapolis Colts,28.13,16.38,11.8,0.3,0.813,67,515
2007,Jacksonville Jaguars,25.69,19.00,6.7,0.1,0.688,76,594
2007,Kansas City Chiefs,14.13,20.94,-6.8,1.4,0.25,101,697
2007,Miami Dolphins,16.69,27.31,-10.6,2.3,0.063,91,732
2007,Minnesota Vikings,22.81,19.44,3.4,0.4,0.5,86,662
2007,New England Patriots,36.81,17.13,19.7,0.4,1,78,690
2007,New Orleans Saints,23.69,24.25,-0.6,-2,0.438,68,581
2007,New York Giants,23.31,21.94,1.4,1.9,0.625,77,652
2007,New York Jets,16.75,22.19,-5.4,1.7,0.25,63,486
2007,Oakland Raiders,17.69,24.88,-7.2,1.2,0.25,120,864
2007,Philadelphia Eagles,21.00,18.75,2.3,3,0.5,83,649
2007,Pittsburgh Steelers,24.56,16.81,7.8,-2.5,0.625,80,651
2007,San Diego Chargers,25.75,17.75,8,0.8,0.688,94,761
2007,San Francisco 49ers,13.69,22.75,-9.1,-2.9,0.313,97,702
2007,Seattle Seahawks,24.56,18.19,6.4,-4.6,0.625,59,428
2007,St. Louis Rams,16.44,27.38,-10.9,-2,0.188,94,794
2007,Tampa Bay Buccaneers,20.88,16.88,4,-2.8,0.563,81,614
2007,Tennessee Titans,18.81,18.56,0.3,0.5,0.625,101,773
2007,Washington Redskins,20.88,19.38,1.5,3,0.563,90,751
2006,Arizona Cardinals,19.63,24.31,-4.7,-2.2,0.313,117,937
2006,Atlanta Falcons,18.25,20.50,-2.3,-0.8,0.438,96,877
2006,Baltimore Ravens,22.06,12.56,9.5,-0.2,0.813,109,878
2006,Buffalo Bills,18.75,19.44,-0.7,2.9,0.438,87,629
2006,Carolina Panthers,16.88,19.06,-2.2,-0.5,0.5,103,744
2006,Chicago Bears,26.69,15.94,10.8,-2.9,0.813,112,923
2006,Cincinnati Bengals,23.31,20.69,2.6,1.5,0.5,92,717
2006,Cleveland Browns,14.88,22.25,-7.4,1.5,0.25,74,687
2006,Dallas Cowboys,26.56,21.88,4.7,-1,0.563,100,939
2006,Denver Broncos,19.94,19.06,0.9,0.4,0.563,67,478
2006,Detroit Lions,19.06,24.88,-5.8,-0.5,0.188,116,939
2006,Green Bay Packers,18.81,22.88,-4.1,-0.4,0.5,90,689
2006,Houston Texans,16.69,22.88,-6.2,1.7,0.375,90,761
2006,Indianapolis Colts,26.69,22.50,4.2,1.7,0.75,86,718
2006,Jacksonville Jaguars,23.19,17.13,6.1,1.4,0.5,97,810
2006,Kansas City Chiefs,20.69,19.69,1,0,0.563,76,577
2006,Miami Dolphins,16.25,17.69,-1.4,2.1,0.375,90,789
2006,Minnesota Vikings,17.63,20.44,-2.8,-1.3,0.375,123,903
2006,New England Patriots,24.06,14.81,9.3,1,0.75,98,940
2006,New Orleans Saints,25.81,20.13,5.7,-1.6,0.625,79,597
2006,New York Giants,22.19,22.63,-0.4,0.5,0.5,101,881
2006,New York Jets,19.75,18.44,1.3,0.7,0.625,70,560
2006,Oakland Raiders,10.50,20.75,-10.3,0.6,0.125,111,847
2006,Philadelphia Eagles,24.88,20.50,4.4,-1,0.625,112,983
2006,Pittsburgh Steelers,22.06,19.69,2.4,1,0.5,69,611
2006,San Diego Chargers,30.75,18.94,11.8,-1.6,0.875,90,791
2006,San Francisco 49ers,18.63,25.75,-7.1,-1.6,0.438,93,818
2006,Seattle Seahawks,20.94,21.31,-0.4,-3.2,0.563,94,700
2006,St. Louis Rams,22.94,23.81,-0.9,-3.1,0.5,116,960
2006,Tampa Bay Buccaneers,13.19,22.06,-8.9,0.9,0.25,87,732
2006,Tennessee Titans,20.25,25.00,-4.8,3.5,0.5,94,803
2006,Washington Redskins,19.19,23.50,-4.3,0.3,0.313,106,939
2005,Arizona Cardinals,19.44,24.19,-4.8,-0.2,0.313,145,1184
2005,Atlanta Falcons,21.94,21.31,0.6,-1.9,0.5,114,1043
2005,Baltimore Ravens,16.56,18.69,-2.1,0.3,0.375,139,1067
2005,Buffalo Bills,16.94,22.94,-6,0.2,0.313,120,897
2005,Carolina Panthers,24.44,16.19,8.3,-3.2,0.688,91,732
2005,Chicago Bears,16.25,12.63,3.6,-2.2,0.688,105,850
2005,Cincinnati Bengals,26.31,21.88,4.4,-0.6,0.688,110,920
2005,Cleveland Browns,14.50,18.81,-4.3,0.1,0.375,99,770
2005,Dallas Cowboys,20.31,19.25,1.1,2.1,0.563,99,739
2005,Denver Broncos,24.69,16.13,8.6,2.2,0.813,97,756
2005,Detroit Lions,15.88,21.56,-5.7,-1,0.313,115,838
2005,Green Bay Packers,18.63,21.50,-2.9,-0.8,0.25,119,918
2005,Houston Texans,16.25,26.94,-10.7,0.7,0.125,106,854
2005,Indianapolis Colts,27.44,15.44,12,-1.2,0.875,94,690
2005,Jacksonville Jaguars,22.56,16.81,5.8,-1,0.75,121,1006
2005,Kansas City Chiefs,25.19,20.31,4.9,2.1,0.625,115,890
2005,Miami Dolphins,19.88,19.81,0.1,-0.8,0.563,132,1055
2005,Minnesota Vikings,19.13,21.50,-2.4,-1.1,0.563,128,1013
2005,New England Patriots,23.69,21.13,2.6,0.6,0.625,110,921
2005,New Orleans Saints,14.69,24.88,-10.2,-0.9,0.188,135,1130
2005,New York Giants,26.38,19.63,6.8,0.7,0.688,143,1115
2005,New York Jets,15.00,22.19,-7.2,0.8,0.25,98,801
2005,Oakland Raiders,18.13,23.94,-5.8,3,0.25,147,1132
2005,Philadelphia Eagles,19.38,24.25,-4.9,2.6,0.375,134,1130
2005,Pittsburgh Steelers,24.31,16.13,8.2,-0.4,0.688,99,876
2005,San Diego Chargers,26.13,19.50,6.6,3.3,0.563,110,890
2005,San Francisco 49ers,14.94,26.75,-11.8,0.7,0.25,106,780
2005,Seattle Seahawks,28.25,16.94,11.3,-2.2,0.813,94,846
2005,St. Louis Rams,22.69,26.81,-4.1,-1,0.375,131,941
2005,Tampa Bay Buccaneers,18.75,17.13,1.6,-2.6,0.688,131,1085
2005,Tennessee Titans,18.69,26.31,-7.6,0.1,0.25,125,1002
2005,Washington Redskins,22.44,18.31,4.1,1.9,0.625,108,925
2004,Arizona Cardinals,17.75,20.13,-2.4,-2.5,0.375,124,948
2004,Atlanta Falcons,21.25,21.06,0.2,-2.4,0.688,109,905
2004,Baltimore Ravens,19.81,16.75,3.1,3.1,0.563,94,894
2004,Buffalo Bills,24.69,17.75,6.9,1.1,0.563,121,1047
2004,Carolina Panthers,22.19,21.19,1,-1.7,0.438,123,1020
2004,Chicago Bears,14.44,20.69,-6.3,-2,0.313,124,956
2004,Cincinnati Bengals,23.38,23.25,0.1,2.5,0.5,103,810
2004,Cleveland Browns,17.25,24.38,-7.1,3.7,0.25,115,854
2004,Dallas Cowboys,18.31,25.31,-7,-0.8,0.375,105,867
2004,Denver Broncos,23.81,19.00,4.8,1,0.625,93,880
2004,Detroit Lions,18.50,21.88,-3.4,-1.8,0.375,121,1000
2004,Green Bay Packers,26.50,23.75,2.8,-2.4,0.625,116,950
2004,Houston Texans,19.31,21.19,-1.9,1.2,0.438,106,928
2004,Indianapolis Colts,32.63,21.94,10.7,0.7,0.75,106,801
2004,Jacksonville Jaguars,16.31,17.50,-1.2,1.9,0.563,109,940
2004,Kansas City Chiefs,30.19,27.19,3,2.3,0.438,117,963
2004,Miami Dolphins,17.19,22.13,-4.9,2.7,0.25,112,852
2004,Minnesota Vikings,25.31,24.69,0.6,-2.3,0.5,117,884
2004,New England Patriots,27.31,16.25,11.1,1.8,0.875,101,822
2004,New Orleans Saints,21.75,25.31,-3.6,-2,0.5,129,1141
2004,New York Giants,18.94,21.69,-2.8,-1.2,0.375,118,977
2004,New York Jets,20.81,16.31,4.5,2.1,0.625,91,693
2004,Oakland Raiders,20.00,27.63,-7.6,3.4,0.313,134,1013
2004,Philadelphia Eagles,24.13,16.25,7.9,-2.3,0.813,124,952
2004,Pittsburgh Steelers,23.25,15.69,7.6,1.4,0.938,99,835
2004,San Diego Chargers,27.88,19.56,8.3,0.8,0.75,108,875
2004,San Francisco 49ers,16.19,28.25,-12.1,-1.6,0.125,103,859
2004,Seattle Seahawks,23.19,23.31,-0.1,-2.8,0.563,79,669
2004,St. Louis Rams,19.94,24.50,-4.6,-1.4,0.5,127,993
2004,Tampa Bay Buccaneers,18.81,19.00,-0.2,-2.5,0.313,117,916
2004,Tennessee Titans,21.50,27.44,-5.9,1.5,0.313,110,923
2004,Washington Redskins,15.00,16.56,-1.6,-1.8,0.375,115,1047
2003,Arizona Cardinals,14.06,28.25,-14.2,1.6,0.25,98,761
2003,Atlanta Falcons,18.69,26.38,-7.7,0.3,0.313,90,790
2003,Baltimore Ravens,24.44,17.56,6.9,-0.6,0.625,126,970
2003,Buffalo Bills,15.19,17.44,-2.3,1.3,0.375,106,891
2003,Carolina Panthers,20.31,19.00,1.3,-2.2,0.688,116,966
2003,Chicago Bears,17.69,21.63,-3.9,0.4,0.438,92,806
2003,Cincinnati Bengals,21.63,24.00,-2.4,0,0.5,107,846
2003,Cleveland Browns,15.88,20.13,-4.3,1.3,0.313,98,767
2003,Dallas Cowboys,18.06,16.25,1.8,-2.3,0.625,98,837
2003,Denver Broncos,23.81,18.81,5,0.5,0.625,107,922
2003,Detroit Lions,16.88,23.69,-6.8,1,0.313,107,859
2003,Green Bay Packers,27.63,19.19,8.4,-0.3,0.625,88,699
2003,Houston Texans,15.94,23.75,-7.8,1.9,0.313,121,961
2003,Indianapolis Colts,27.94,21.00,6.9,0,0.75,92,662
2003,Jacksonville Jaguars,17.25,20.69,-3.4,1,0.313,108,895
2003,Kansas City Chiefs,30.25,20.75,9.5,-1.2,0.813,79,698
2003,Miami Dolphins,19.44,16.31,3.1,0.3,0.625,103,913
2003,Minnesota Vikings,26.00,22.06,3.9,-1,0.563,127,1029
2003,New England Patriots,21.75,14.88,6.9,0.1,0.875,111,998
2003,New Orleans Saints,21.25,20.38,0.9,-1.1,0.5,103,878
2003,New York Giants,15.19,24.19,-9,0.4,0.25,127,1090
2003,New York Jets,17.69,18.69,-1,0.4,0.375,69,550
2003,Oakland Raiders,16.88,23.69,-6.8,1.3,0.25,134,1120
2003,Philadelphia Eagles,23.38,17.94,5.4,-1,0.75,96,817
2003,Pittsburgh Steelers,18.75,20.44,-1.7,0.6,0.375,111,1005
2003,San Diego Chargers,19.56,27.56,-8,1.2,0.25,126,1016
2003,San Francisco 49ers,24.00,21.06,2.9,0.1,0.438,104,807
2003,Seattle Seahawks,25.25,20.44,4.8,-0.7,0.625,91,777
2003,St. Louis Rams,27.94,20.50,7.4,-1.6,0.75,92,667
2003,Tampa Bay Buccaneers,18.81,16.50,2.3,-0.7,0.438,117,1104
2003,Tennessee Titans,27.19,20.25,6.9,-0.5,0.75,110,887
2003,Washington Redskins,17.94,23.25,-5.3,-0.4,0.313,124,1038
2002,Baltimore Ravens,19.75,22.13,-2.4,0.3,0.438,76,617
2002,Buffalo Bills,23.69,24.81,-1.1,0.9,0.5,105,931
2002,Cincinnati Bengals,17.44,28.50,-11.1,0.6,0.125,101,846
2002,Cleveland Browns,21.50,20.00,1.5,-0.3,0.563,112,1031
2002,Denver Broncos,24.50,21.50,3,1.9,0.563,94,785
2002,Houston Texans,13.31,22.25,-8.9,-0.5,0.25,95,864
2002,Indianapolis Colts,21.81,19.56,2.3,-1.1,0.625,99,884
2002,Jacksonville Jaguars,20.50,19.69,0.8,-1,0.375,107,845
2002,Kansas City Chiefs,29.19,24.94,4.3,1.9,0.5,105,974
2002,Miami Dolphins,23.63,18.81,4.8,1.2,0.563,104,877
2002,New England Patriots,23.81,21.63,2.2,1.8,0.563,104,916
2002,New York Jets,22.44,21.00,1.4,1.7,0.563,108,913
2002,Oakland Raiders,28.13,19.00,9.1,1.5,0.688,136,1011
2002,Pittsburgh Steelers,24.38,21.56,2.8,-0.1,0.656,91,730
2002,San Diego Chargers,20.81,22.94,-2.1,1.4,0.5,89,685
2002,Tennessee Titans,22.94,20.25,2.7,-0.9,0.688,75,700
2002,Arizona Cardinals,16.38,26.06,-9.7,-0.2,0.313,103,859
2002,Atlanta Falcons,25.13,19.63,5.5,-0.4,0.594,137,1139
2002,Carolina Panthers,16.13,18.88,-2.8,-0.5,0.438,108,895
2002,Chicago Bears,17.56,23.69,-6.1,0.9,0.25,119,911
2002,Dallas Cowboys,13.56,20.56,-7,-1.5,0.313,113,955
2002,Detroit Lions,19.13,28.19,-9.1,-0.1,0.188,79,685
2002,Green Bay Packers,24.88,20.50,4.4,-0.8,0.75,129,1094
2002,Minnesota Vikings,24.38,27.63,-3.3,0.2,0.375,111,897
2002,New Orleans Saints,27.00,24.25,2.8,-0.3,0.563,90,712
2002,New York Giants,20.00,17.44,2.6,-1.7,0.625,100,805
2002,Philadelphia Eagles,25.94,15.06,10.9,-2.6,0.75,87,725
2002,San Francisco 49ers,22.94,21.94,1,-0.4,0.625,100,792
2002,Seattle Seahawks,22.19,23.06,-0.9,-0.4,0.438,120,919
2002,St. Louis Rams,19.75,23.06,-3.3,0,0.438,103,789
2002,Tampa Bay Buccaneers,21.63,12.25,9.4,-0.6,0.75,112,891
2002,Washington Redskins,19.19,22.81,-3.6,-0.8,0.438,116,968
2001,Arizona Cardinals,18.44,21.44,-3,-1.2,0.438,72,620
2001,Atlanta Falcons,18.19,23.56,-5.4,0.7,0.438,90,754
2001,Baltimore Ravens,18.94,16.56,2.4,0.8,0.625,89,728
2001,Buffalo Bills,16.56,26.25,-9.7,0.2,0.188,123,954
2001,Carolina Panthers,15.81,25.63,-9.8,0.9,0.063,87,747
2001,Chicago Bears,21.13,12.69,8.4,-0.5,0.813,63,622
2001,Cincinnati Bengals,14.13,19.31,-5.2,1.7,0.375,103,870
2001,Cleveland Browns,17.81,19.94,-2.1,1.3,0.438,94,825
2001,Dallas Cowboys,15.38,21.13,-5.8,-0.2,0.313,91,744
2001,Denver Broncos,21.25,21.19,0.1,-0.5,0.5,95,917
2001,Detroit Lions,16.88,26.50,-9.6,2.4,0.125,116,1081
2001,Green Bay Packers,24.38,16.63,7.8,-1.1,0.75,80,633
2001,Indianapolis Colts,25.81,30.38,-4.6,0.8,0.375,76,730
2001,Jacksonville Jaguars,18.38,17.88,0.5,0.4,0.375,97,710
2001,Kansas City Chiefs,20.00,21.50,-1.5,0.3,0.375,68,602
2001,Miami Dolphins,21.50,18.13,3.4,-0.7,0.688,107,914
2001,Minnesota Vikings,18.13,24.38,-6.3,1.5,0.313,109,836
2001,New England Patriots,23.19,17.00,6.2,-1.9,0.688,92,802
2001,New Orleans Saints,20.81,25.56,-4.8,-0.1,0.438,119,1025
2001,New York Giants,18.38,20.06,-1.7,-0.1,0.438,97,905
2001,New York Jets,19.25,18.44,0.8,0,0.625,62,507
2001,Oakland Raiders,24.94,20.44,4.5,-0.9,0.625,107,897
2001,Philadelphia Eagles,21.44,13.00,8.4,-0.7,0.688,100,768
2001,Pittsburgh Steelers,22.00,13.25,8.8,-1.4,0.813,86,737
2001,San Diego Chargers,20.75,20.06,0.7,-1,0.313,97,777
2001,San Francisco 49ers,25.56,17.63,7.9,-1.1,0.75,82,669
2001,Seattle Seahawks,18.81,20.25,-1.4,-0.4,0.563,66,579
2001,St. Louis Rams,31.44,17.06,14.4,-1,0.875,107,847
2001,Tampa Bay Buccaneers,20.25,17.50,2.8,1.3,0.563,77,672
2001,Tennessee Titans,21.00,24.25,-3.3,1.2,0.438,119,1025
2001,Washington Redskins,16.00,18.94,-2.9,-0.7,0.5,104,828
2000,Arizona Cardinals,13.13,27.69,-14.6,-0.7,0.188,96,785
2000,Atlanta Falcons,15.75,25.81,-10.1,1.5,0.25,97,720
2000,Baltimore Ravens,20.81,10.31,10.5,-2.5,0.75,95,730
2000,Buffalo Bills,19.69,21.88,-2.2,2.2,0.5,101,913
2000,Carolina Panthers,19.38,19.38,0,-1.1,0.438,84,683
2000,Chicago Bears,13.50,22.19,-8.7,2.4,0.313,90,696
2000,Cincinnati Bengals,11.56,22.44,-10.9,0.4,0.25,99,878
2000,Cleveland Browns,10.06,26.19,-16.1,1.5,0.188,103,925
2000,Dallas Cowboys,18.38,22.56,-4.2,-0.4,0.313,108,963
2000,Denver Broncos,30.31,23.06,7.3,-2.2,0.688,89,792
2000,Detroit Lions,19.19,19.19,0,1.4,0.563,106,805
2000,Green Bay Packers,22.06,20.19,1.9,0.6,0.563,88,685
2000,Indianapolis Colts,26.81,20.38,6.4,1.5,0.625,89,866
2000,Jacksonville Jaguars,22.94,20.44,2.5,-1.4,0.438,95,703
2000,Kansas City Chiefs,22.19,22.13,0.1,0.6,0.438,118,848
2000,Miami Dolphins,20.19,14.13,6.1,1,0.688,115,920
2000,Minnesota Vikings,24.81,23.19,1.6,0.3,0.688,106,908
2000,New England Patriots,17.25,21.13,-3.9,1.4,0.313,99,815
2000,New Orleans Saints,22.13,19.06,3.1,-2.2,0.625,124,1024
2000,New York Giants,20.50,15.38,5.1,-2.7,0.75,91,839
2000,New York Jets,20.06,20.06,0,3.5,0.563,76,626
2000,Oakland Raiders,29.94,18.69,11.3,-1.5,0.75,118,940
2000,Philadelphia Eagles,21.94,15.31,6.6,-3.6,0.688,113,980
2000,Pittsburgh Steelers,20.06,15.94,4.1,-0.2,0.563,81,667
2000,San Diego Chargers,16.81,27.50,-10.7,2.6,0.063,121,1036
2000,San Francisco 49ers,24.25,26.38,-2.1,-1.7,0.375,134,1135
2000,Seattle Seahawks,20.00,25.31,-5.3,1.6,0.375,89,728
2000,St. Louis Rams,33.75,29.44,4.3,-1.2,0.625,111,942
2000,Tampa Bay Buccaneers,24.25,16.81,7.4,-0.1,0.625,82,702
2000,Tennessee Titans,21.63,11.94,9.7,-1.3,0.813,107,870
2000,Washington Redskins,17.56,16.81,0.8,0.2,0.5,115,1009